model,auc
GBM_balanced,0.8882584529874943
RF_balanced,0.8124710514126912
LR_L1,0.7376679018063917
LR_power,0.7363941639647986
LR_basic,0.7348888374247337
